[{"name": "Mass flow hypothesis", "x": "265", "y": "422", "weight": "0", "stem": "1", "des": "0"}, {"name": "Bacterial growth", "x": "266", "y": "452", "weight": "0", "stem": "1", "des": "0"}, {"name": "Biotechnology in food production", "x": "324", "y": "356", "weight": "1.1", "stem": "1", "des": "0"}, {"name": "Oxygen dissocciation curve", "x": "234", "y": "184", "weight": "0", "stem": "1", "des": "0"}, {"name": "Population growth curve", "x": "122", "y": "332", "weight": "1.8", "stem": "1", "des": "0"}, {"name": "Meiosis (mitosis?)", "x": "212", "y": "169", "weight": "0", "stem": "1", "des": "0"}, {"name": "Mitosis", "x": "168", "y": "344", "weight": "0", "stem": "1", "des": "0"}, {"name": "Gene expression", "x": "36", "y": "414", "weight": "0", "stem": "1", "des": "0"}, {"name": "Control of gene expressions", "x": "251", "y": "349", "weight": "0", "stem": "1", "des": "0"}, {"name": "PCR", "x": "48", "y": "57", "weight": "0", "stem": "1", "des": "0"}, {"name": "DNA structure", "x": "298", "y": "60", "weight": "0", "stem": "1", "des": "0"}, {"name": "Inheritance of linked genes", "x": "68", "y": "222", "weight": "0", "stem": "1", "des": "0"}, {"name": "cell size", "x": "269", "y": "365", "weight": "0", "stem": "1", "des": "0"}, {"name": "Structure of the cell", "x": "124", "y": "98", "weight": "0", "stem": "1", "des": "0"}, {"name": "Human skeleton puzzle", "x": "298", "y": "482", "weight": "0.2", "stem": "1", "des": "0"}, {"name": "Human anatomy skeketon building", "x": "200", "y": "59", "weight": "0", "stem": "1", "des": "0"}, {"name": "Human structure", "x": "394", "y": "392", "weight": "0", "stem": "1", "des": "0"}, {"name": "Growing muscles on a skeleton", "x": "330", "y": "272", "weight": "0.2", "stem": "1", "des": "0"}, {"name": "Fetal development", "x": "114", "y": "243", "weight": "0", "stem": "1", "des": "0"}, {"name": "evolution", "x": "282", "y": "34", "weight": "0", "stem": "1", "des": "0"}, {"name": "New species", "x": "22", "y": "353", "weight": "0", "stem": "1", "des": "0"}, {"name": "Molecular modelling", "x": "419", "y": "319", "weight": "0", "stem": "1", "des": "0"}, {"name": "Materials", "x": "141", "y": "143", "weight": "0", "stem": "1", "des": "0"}, {"name": "Molecules to structures to surfaces", "x": "32", "y": "277", "weight": "0", "stem": "1", "des": "0"}, {"name": "Ni cycle", "x": "253", "y": "308", "weight": "0", "stem": "1", "des": "0"}, {"name": "Dye of bacteria", "x": "76", "y": "224", "weight": "0.2", "stem": "1", "des": "0"}, {"name": "Molecule > structure > material", "x": "122", "y": "233", "weight": "0", "stem": "1", "des": "0"}, {"name": "Structure of a pattern", "x": "181", "y": "457", "weight": "0", "stem": "1", "des": "1"}, {"name": "Structure of matter", "x": "113", "y": "199", "weight": "0", "stem": "1", "des": "1"}, {"name": "States of matter", "x": "293", "y": "50", "weight": "0", "stem": "1", "des": "1"}, {"name": "Chemical bonds", "x": "182", "y": "152", "weight": "0", "stem": "1", "des": "0"}, {"name": "Polymers", "x": "479", "y": "120", "weight": "0", "stem": "1", "des": "0"}, {"name": "Carbon + hybridization", "x": "399", "y": "347", "weight": "0", "stem": "1", "des": "0"}, {"name": "Chemistry and science into practical material studies explained ", "x": "194", "y": "378", "weight": "0", "stem": "1", "des": "0"}, {"name": "Colors and cultural aspects", "x": "464", "y": "491", "weight": "0.2", "stem": "0", "des": "1"}, {"name": "Materials", "x": "306", "y": "191", "weight": "0", "stem": "1", "des": "1"}, {"name": "Dyeing and painting technologies", "x": "117", "y": "29", "weight": "0", "stem": "1", "des": "1"}, {"name": "Material waste is a design mistake", "x": "151", "y": "211", "weight": "1.2", "stem": "1", "des": "0"}, {"name": "Biomimicry", "x": "432", "y": "87", "weight": "0", "stem": "1", "des": "0"}, {"name": "Understanding nature via mimicry", "x": "258", "y": "50", "weight": "0", "stem": "1", "des": "0"}, {"name": "Flood risings / sea level", "x": "207", "y": "131", "weight": "0", "stem": "1", "des": "0"}, {"name": "Visual perspective", "x": "71", "y": "382", "weight": "0.5", "stem": "1", "des": "1"}, {"name": "Rapid prototyping/ 3d printing", "x": "59", "y": "298", "weight": "0.6", "stem": "1", "des": "1"}, {"name": "3d scanning", "x": "164", "y": "277", "weight": "0", "stem": "1", "des": "1"}, {"name": "Frequency", "x": "280", "y": "449", "weight": "0.5", "stem": "1", "des": "0"}, {"name": "Laws of motion", "x": "436", "y": "40", "weight": "0.6", "stem": "1", "des": "0"}, {"name": "Stability (balance)", "x": "229", "y": "390", "weight": "0", "stem": "1", "des": "1"}, {"name": "Strength (physical)", "x": "182", "y": "222", "weight": "0", "stem": "1", "des": "0"}, {"name": "Light", "x": "282", "y": "367", "weight": "2", "stem": "1", "des": "1"}, {"name": "Optics, light, colours, reflections", "x": "255", "y": "24", "weight": "0", "stem": "1", "des": "1"}, {"name": "Optics, lenses", "x": "290", "y": "343", "weight": "0", "stem": "1", "des": "1"}, {"name": "Photography", "x": "184", "y": "246", "weight": "1.9", "stem": "1", "des": "1"}, {"name": "Optical illusions", "x": "100", "y": "268", "weight": "0.2", "stem": "1", "des": "1"}, {"name": "Color theory", "x": "231", "y": "452", "weight": "1", "stem": "1", "des": "1"}, {"name": "Color perception", "x": "366", "y": "482", "weight": "0.5", "stem": "0", "des": "1"}, {"name": "Psychology of color", "x": "308", "y": "54", "weight": "0", "stem": "1", "des": "1"}, {"name": "Visualizing color spaces to understand them", "x": "249", "y": "131", "weight": "0", "stem": "1", "des": "1"}, {"name": "Color in atmosphere", "x": "59", "y": "53", "weight": "0", "stem": "1", "des": "1"}, {"name": "Directory", "x": "113", "y": "442", "weight": "0", "stem": "1", "des": "1"}, {"name": "Computational systems", "x": "146", "y": "189", "weight": "0", "stem": "1", "des": "0"}, {"name": "Human / machine", "x": "406", "y": "425", "weight": "0.3", "stem": "1", "des": "0"}, {"name": "Software engineering", "x": "418", "y": "380", "weight": "1.2", "stem": "1", "des": "0"}, {"name": "High performance computing", "x": "259", "y": "160", "weight": "0", "stem": "1", "des": "0"}, {"name": "Decision tree", "x": "199", "y": "369", "weight": "0.6", "stem": "1", "des": "0"}, {"name": "Parametric modelling", "x": "188", "y": "1", "weight": "0", "stem": "1", "des": "0"}, {"name": "Ontologies", "x": "315", "y": "106", "weight": "0", "stem": "1", "des": "0"}, {"name": "Microprocessors", "x": "375", "y": "156", "weight": "0.3", "stem": "1", "des": "0"}, {"name": "Arduino", "x": "322", "y": "5", "weight": "0", "stem": "1", "des": "0"}, {"name": "Video and image compression", "x": "190", "y": "365", "weight": "0", "stem": "1", "des": "1"}, {"name": "HTML structure", "x": "95", "y": "357", "weight": "0", "stem": "1", "des": "0"}, {"name": "Web 3.0", "x": "459", "y": "4", "weight": "0", "stem": "1", "des": "0"}, {"name": "Electrical colors wires", "x": "21", "y": "310", "weight": "0", "stem": "1", "des": "0"}, {"name": "Patterns", "x": "428", "y": "249", "weight": "0.5", "stem": "1", "des": "1"}, {"name": "Symmetry", "x": "32", "y": "500", "weight": "0.5", "stem": "1", "des": "0"}, {"name": "Golden ratio", "x": "54", "y": "58", "weight": "1", "stem": "1", "des": "1"}, {"name": "Ellipses", "x": "98", "y": "77", "weight": "0", "stem": "1", "des": "1"}, {"name": "Impositioning / folding", "x": "444", "y": "128", "weight": "0", "stem": "1", "des": "1"}, {"name": "White space between objects", "x": "45", "y": "82", "weight": "0", "stem": "1", "des": "1"}, {"name": "Trigonometry", "x": "201", "y": "50", "weight": "2.5", "stem": "1", "des": "0"}, {"name": "Infinite zoom ", "x": "242", "y": "325", "weight": "0", "stem": "1", "des": "1"}, {"name": "Visualized atoms", "x": "481", "y": "372", "weight": "0", "stem": "1", "des": "0"}, {"name": "Design with math formula", "x": "228", "y": "133", "weight": "0.2", "stem": "0", "des": "1"}, {"name": "Units and systems", "x": "204", "y": "380", "weight": "0", "stem": "1", "des": "1"}, {"name": "Calculation of dimensions", "x": "312", "y": "106", "weight": "0", "stem": "1", "des": "1"}, {"name": "Amount of substance", "x": "239", "y": "385", "weight": "0", "stem": "1", "des": "1"}, {"name": "Algorithms", "x": "477", "y": "219", "weight": "0.4", "stem": "1", "des": "1"}, {"name": "connecting language and math (italian)", "x": "287", "y": "481", "weight": "0", "stem": "1", "des": "0"}, {"name": "Boolean logic / boolean algebra", "x": "171", "y": "437", "weight": "0", "stem": "1", "des": "0"}, {"name": "Easing", "x": "346", "y": "209", "weight": "0.4", "stem": "1", "des": "1"}, {"name": "Logaritmic exponential functions", "x": "150", "y": "253", "weight": "0", "stem": "1", "des": "0"}, {"name": "Algorithm complexity", "x": "327", "y": "307", "weight": "0", "stem": "1", "des": "0"}, {"name": "Vector array", "x": "57", "y": "390", "weight": "0", "stem": "1", "des": "0"}, {"name": "Norm Distribution", "x": "325", "y": "185", "weight": "0", "stem": "1", "des": "0"}, {"name": "Gaussi kõver", "x": "303", "y": "186", "weight": "0", "stem": "1", "des": "0"}, {"name": "Information design", "x": "24", "y": "91", "weight": "0.2", "stem": "1", "des": "1"}, {"name": "Probability", "x": "100", "y": "71", "weight": "0", "stem": "1", "des": "0"}, {"name": "Data structures", "x": "443", "y": "382", "weight": "0", "stem": "1", "des": "0"}, {"name": "Patterns", "x": "171", "y": "329", "weight": "2.5", "stem": "1", "des": "1"}, {"name": "Human / visual", "x": "439", "y": "170", "weight": "0.4", "stem": "1", "des": "1"}, {"name": "Human perception", "x": "221", "y": "259", "weight": "0.5", "stem": "1", "des": "1"}, {"name": "Storytelling", "x": "460", "y": "157", "weight": "1", "stem": "1", "des": "1"}, {"name": "Narratice and semantics", "x": "205", "y": "183", "weight": "0", "stem": "1", "des": "1"}, {"name": "Human factors", "x": "482", "y": "265", "weight": "0", "stem": "1", "des": "1"}, {"name": "ELISA tests", "x": "284", "y": "177", "weight": "0", "stem": "1", "des": "0"}, {"name": "Book (cover) production", "x": "421", "y": "309", "weight": "0", "stem": "1", "des": "1"}, {"name": "Ethics as an generator for ideas", "x": "79", "y": "287", "weight": "1.8", "stem": "1", "des": "1"}]